{"cameraMode":{"drawMode":0,"name":"Shaded","section":"Shading Mode"},"sceneLighting":true,"audioPlay":false,"sceneViewState":{"showFog":false,"showMaterialUpdate":false,"showSkybox":false,"showFlares":false,"showImageEffects":false,"showParticleSystems":false},"in2DMode":false,"pivot":{"x":-0.33652234077453616,"y":1.6894550323486329,"z":1.9066166877746583},"rotation":{"x":0.14677460491657258,"y":0.007727742660790682,"z":-0.0011367070255801082,"w":0.9891437888145447},"size":3.025588035583496,"orthographic":false}